{"tinvwl-general":{"default_title":"Default wishlist","page_wishlist":109,"require_login":false,"redirect_require_login":false,"my_account_endpoint":false,"my_account_endpoint_slug":"wishlist","link_in_myaccount":true,"processing_autoremove":true,"processing_autoremove_anyone":false,"processing_redirect_checkout":false,"simple_flow":false,"product_stats":false,"show_notice":true,"text_browse":"View Wishlist","redirect":true,"text_added_to":"{product_name} added to Wishlist","text_already_in":"{product_name} already in Wishlist","text_removed_from":"Product removed from Wishlist","guests_timeout":30},"tinvwl-permalinks":{"force":false},"tinvwl-rename":{"rename":false,"rename_single":"","rename_plural":""},"tinvwl-page":{"wishlist":109},"tinvwl-processing":{"autoremove":true,"autoremove_status":"tinvwl-addcart","redirect_checkout":false,"autoremove_anyone":false},"tinvwl-add_to_wishlist":{"position":"shortcode","class":"icon-btn","icon":"heart","icon_upload":"","icon_upload_added":"","icon_style":"","show_preloader":false,"show_text":true,"text":"","already_on":false,"text_already_on":"Already In Wishlist","text_remove":"Remove from Wishlist"},"tinvwl-add_to_wishlist_catalog":{"show_in_loop":true,"position":"shortcode","class":"","icon":"heart","icon_upload":"","icon_upload_added":"","icon_style":"","show_preloader":false,"show_text":true,"text":"","already_on":false,"text_already_on":"Already In Wishlist","text_remove":"Remove from Wishlist"},"tinvwl-product_table":{"add_to_cart":true,"text_add_to_cart":"Add to Cart","colm_price":true,"colm_stock":true,"colm_date":true},"tinvwl-table":{"per_page":10,"colm_checkbox":true,"colm_actions":true,"add_select_to_cart":true,"text_add_select_to_cart":"Add Selected to Cart","add_all_to_cart":true,"text_add_all_to_cart":"Add All to Cart","hide_popup":false},"tinvwl-social":{"social":"","facebook":true,"twitter":true,"pinterest":true,"whatsapp":true,"clipboard":true,"email":true,"share_on":"Share on","icon_style":""},"tinvwl-topline":{"icon":"heart","icon_upload":"","icon_style":"","show_text":true,"text":"Wishlist -","menu":[""],"menu_order":100,"show_counter":true,"hide_zero_counter":false},"tinvwl-chat":{"enabled":false},"tinvwl-integrations":{"advanced-product-fields-for-woocommerce-pro":true,"advanced-product-fields-for-woocommerce":true,"automatewoo":true,"buy-now-button-for-woocommerce":true,"check-pincodezipcode-for-shipping-woocommerce":true,"cleantalk-spam-protect":true,"clever-swatches":true,"comet-cache":true,"duracelltomi-google-tag-manager":true,"elex-woocommerce-catalog-mode":true,"gift-cards-for-woocommerce":true,"hide-price-add-to-cart-button":true,"improved-variable-product-attributes":true,"litespeed-cache":true,"mycred":true,"nasa-core":true,"product-extras-for-woocommerce":true,"product-quantity-for-woocommerce":true,"pw-woocommerce-gift-cards":true,"shopengine":true,"show-single-variations-premium":true,"sitepress-multilingual-cms":true,"divi":true,"flatsome":true,"kallyas":true,"oceanwp":true,"uni-woo-custom-product-options":true,"wc-fields-factory":true,"woo-advanced-qty":true,"woo-custom-product-addons":true,"woo-payment-gateway":true,"woo-product-bundle":true,"woo-variation-swatches-pro":true,"woo-variations-table-grid":true,"woocommerce-booking":true,"woocommerce-bookings":true,"woocommerce-composite-products":true,"woocommerce-custom-fields":true,"woocommerce-gravityforms-product-addons":true,"woocommerce-mix-and-match-products":true,"woocommerce-multilingual":true,"woocommerce-product-addon":true,"woocommerce-product-addons":true,"woocommerce-product-bundles":true,"woocommerce-product-table":true,"woocommerce-rental-and-booking":true,"woocommerce-square":true,"woocommerce-tm-extra-product-options":true,"woocommerce-waitlist":true,"wp-fastest-cache":true,"wp-grid-builder":true,"wp-multilang":true,"wp-rocket":true,"wpc-variations-radio-buttons":true,"yith-woocommerce-product-add-ons":true,"yith-woocommerce-product-bundles":true,"yith-woocommerce-quick-view":true},"tinvwl-style":{"customstyle":true},"tinvwl-style_options":{"bda8150264b84aeff0ca47779ebacc00":"#000000","2d1414f360ef96f3bdd718878b838843":"40px","0f617e666d70702b660f4a733af1cd5c":"#1a1a1a","4578aeedef5c22d62ff52c33f9bba6cd":"","6fa639cb245131cd45e0abb36abd86ce":"#007acc","2343474f1380ef4be1905ba43b880647":"#686868","0b340af13bdf4cbdb056adc5f79b3373":"underline","3fc21953166f508ee2aeeecd7aee0bd8":"inherit","7a33c22c4c2a5c21e7c3a914f4eeb2c1":"","24179cd549f6e251373383906299b096":"","5e58bbdd0e885ca2b71116cea057e414":"","c9b30b5c3e54618a46760805932ab8bf":"","6a1003e57ef5796dfcaf02fa4b8ac499":"","f7baf52c4518d3a4dfa63810320b45e2":"12px","7139fa8307c4a65b7591e6dde6ae937f":"#ebe9eb","cb88e51ff78f5d530ccf0bb719ec9c76":"#dad8da","da0b548056da720976cf4f7f3cb5018c":"#515151","c986c70cad5bc5f474abffea5b94ff7e":"#686868","9e727dca77dd5482f23de230a3d5046f":"#007acc","2ceebaa93d8a5c371551274780ddc300":"#686868","dd67d3c367e9535414de00f3cc31a27c":"inherit","478dbaf4932fbddfb0635a2524c109f8":"16px","5a5c778b20bb2a740c14d622e1778927":"16px","68940071b9fb40e3f336b7886b6f1d1b":"3px","d5d75eab7561efa79cb1fefccd01f8a4":"#ebe9eb","73a7a9d026401b62bf1cfe5d2a833b7e":"#dad8da","939c7f00b7b90a16f80fd6312a4a0e0d":"#515151","fa4f419f1114d3867a9630275364d086":"#515151","2b1fbec4726635eb00e802d02f6e2e7d":"#007acc","048f149cf361ad9d0e085d4af382752b":"#686868","321da9c8bc66c286a29c544fc14e3f9e":"","01f066844ed4e57f9ee7b8b03b2f18a7":"16px","f3e46faa2e790800a881e6893cf2171e":"16px","8d6c42fb581f8511d2affa83aa9ef81f":"3px","27471cca2b825cfe2c307f7deb5c0f8b":"#ebe9eb","1be5052ff24892ae6eecd8ee532be013":"#dad8da","dcbaebb7da7109f1c0adc717b6971cd7":"#515151","38acbc6d0ea4887e80a909b8078335a2":"#515151","21a1f368854745ed15acea4fee3fd90a":"inherit","a76bde0573bc009de0ff353bbac66def":"14px","a095a25b82f1c317456ed3d5bf7bd721":"3px","e8453b34b3ad8e5c51a4b1a8c83da979":"#a46497","864bd3ccc745240992706b97c1599d1e":"#935386","40bbed4ee296fd5fef264a1cc77670bf":"#ffffff","831efa14fec3cf383879f988d32c5a15":"#ffffff","fda80ea49f05a78edb5076e814f69292":"inherit","3d4036f21baef6625cc3a323ee6e1e66":"14px","672007341cff762ddf0d2281bdc0c299":"3px","e4d5d4ef67c7ca30722286d58b2650f6":"#ffffff","0b792e66d13026e6a122323222804c15":"#d1d1d1","608484016590a0721da236a1885f9ade":"#ffffff","69ae1bd0ebe53785d2b0e348b27b37dc":"#1a1a1a","ecec585e20f406fc1ff002adfcbe9a9c":"inherit","17742a42a30f7be0736d1e79908bc616":"14px","aaf74cc43a3736ed621e17f1d7337965":"#686868","e1b605ab84ede698ee5b65bdc097c550":"inherit","59a1d057b2b45324f63ce597f36946e2":"14px","921f8d28a66e0dbff0d74713a842c219":"#202020","a2dabc4fdcada89b2e391e2edd7268a5":"inherit","115256bbd72f9182797db3f54dce8f8b":"16px","d1241272421242eb22011f3518a76da3":"#ffffff","711de9e4983ba0e64439cec8d257fec0":"#007acc","2c83e1eeed3250bf738550e6d52f2203":"#ebe9eb","6eac9d09c71c87fd720963bcfc4ff973":"#dad8da","3c6b408b1f5e325ef9b98202c693a4ec":"#000000","f2a3a843e98eb989d8c9355f149b2b5e":"#686868","8000e1c3ff927792052adcbaf10a57b6":"20px","25ad1cb265d6a6f1798c03ea5e2380cc":"#ffffff","e20fe57c88d077539db0740fbc54d95e":"#1a1a1a","f74bce5a7e9a892248f5a1459acb2318":"","70d5eda2690ddb4aaed81ee52db962fb":"16px","89c5f801f41e34d0d01bf1c592f4642a":"#ebe9eb","8256242f5a6cd2296de8ab945a060a2b":"#dad8da","9da70190e482bf08f104dcb8280efabb":"#515151","d7348c4c1bb37670a9d9a0202d2f056d":"#515151"},"tinvwl-style_plain":{"allow":false,"css":""}}