{"frutin-blog-sidebar":{"block-2":{"content":"<!-- wp:search {\"label\":\"\",\"buttonUseIcon\":true} \/-->"},"block-7":{"content":"<!-- wp:widget-group {\"title\":\"Categories\"} -->\n<h2 class=\"widget-title\">Categories<\/h2><div class=\"wp-widget-group__inner-blocks\"><!-- wp:categories {\"showPostCounts\":true} \/--><\/div>\n<!-- \/wp:widget-group -->"},"frutin_recent_posts_widget-2":{"title":"Recent Posts","post_count":"3","post_title_count":"5","show_date":true,"post_box_class":"","post_img_size":"frutin_90X90"},"block-8":{"content":"<!-- wp:widget-group {\"title\":\"Popular Tags\"} -->\n<h2 class=\"widget-title\">Popular Tags<\/h2><div class=\"wp-widget-group__inner-blocks\"><!-- wp:tag-cloud \/--><\/div>\n<!-- \/wp:widget-group -->"}},"frutin-page-sidebar":{"block-5":{"content":"<!-- wp:group --><div class=\"wp-block-group\"><!-- wp:heading --><h2>Archives<\/h2><!-- \/wp:heading --><!-- wp:archives \/--><\/div><!-- \/wp:group -->"},"block-6":{"content":"<!-- wp:group --><div class=\"wp-block-group\"><!-- wp:heading --><h2>Categories<\/h2><!-- \/wp:heading --><!-- wp:categories \/--><\/div><!-- \/wp:group -->"}},"frutin-offcanvas":{"frutin_aboutus_widget-3":{"logo_title":true,"logo_url":"https:\/\/themeholy.com\/wordpress\/frutin\/wp-content\/uploads\/2023\/10\/logo.svg","title":"","about_us":"We provide specialized winterization services to safeguard your food during the off-season, and when spring arrives, we handle the thorough opening process.","social_text":"","social_icon":true},"block-9":{"content":"<div class=\"widget  \">\n                <h3 class=\"widget_title\">Contact Us<\/h3>\n                <div class=\"th-widget-contact\">\n                    <div class=\"info-box\">\n                        <div class=\"info-box_icon\">\n                            <i class=\"fas fa-location-dot\"><\/i>\n                        <\/div>\n                        <p class=\"info-box_text\">8502 Preston Rd. Inglewood, Maine 98380<\/p>\n                    <\/div>\n                    <div class=\"info-box\">\n                        <div class=\"info-box_icon\">\n                            <i class=\"fas fa-phone\"><\/i>\n                        <\/div>\n                        <p class=\"info-box_text\">\n                            <a href=\"tel:+16326543564\" class=\"info-box_link\">+(163)-2654-3564<\/a>\n                            <a href=\"tel:+16326545432\" class=\"info-box_link\">+(163)-2654-5432<\/a>\n                        <\/p>\n                    <\/div>\n                    <div class=\"info-box\">\n                        <div class=\"info-box_icon\">\n                            <i class=\"fas fa-envelope\"><\/i>\n                        <\/div>\n                        <p class=\"info-box_text\">\n                            <a href=\"mailto:help24\/7@frutin.com\" class=\"info-box_link\">help24\/7@frutin.com<\/a>\n                        <\/p>\n                    <\/div>\n                <\/div>\n            <\/div>"},"frutin_recent_posts_widget-3":{"title":"Recent Posts","post_count":"2","post_title_count":"12","show_date":true,"post_box_class":"","post_img_size":"frutin_90X90"}}}