{"last_tab":"19","frutin_theme_color":"","frutin_map_apikey":"","frutin_display_bcktotop":"1","frutin_bcktotop_color":"","frutin_bcktotop_bg_color":"","frutin_bcktotop_circle_color":"","frutin_display_preloader":"1","frutin_admin_login_logo":{"url":"","id":"","height":"","width":"","thumbnail":""},"frutin_theme_admin_custom_css":"","frutin_header_options":"1","frutin_header_topbar_switcher":"1","header_top_slogan":"Orders of $50 or more qualify for free shipping!","frutin_topbar_location_icon":"<i class=\"fal fa-location-dot\"><\/i>","frutin_topbar_location":"8502 Preston Rd. Inglewood, Maine 98380","frutin_header_social_switcher":"1","frutin_header_social_text":"","frutin_header_search_switcher":"1","frutin_header_cart_switcher":"1","frutin_btn_switcher":"1","frutin_btn_text":"Shop Now","frutin_btn_url":"https:\/\/themeholy.com\/wordpress\/frutin\/shop\/","frutin_site_logo":{"url":"https:\/\/themeholy.com\/wordpress\/frutin\/wp-content\/uploads\/2023\/10\/logo.svg","id":"25","height":"","width":"","thumbnail":"https:\/\/themeholy.com\/wordpress\/frutin\/wp-content\/uploads\/2023\/10\/logo.svg"},"frutin_site_logo_dimensions":{"width":"","height":"","units":"px"},"frutin_site_logomargin_dimensions":{"units":"px","margin-top":"","margin-bottom":""},"frutin_text_title":"","frutin_header_topbar_bg":"","frutin_header_menu_bg":"","frutin_header_logo_bg":"","frutin_header_menu_color":"","frutin_header_menu_hover_color":"","frutin_header_submenu_color":"","frutin_header_submenu_hover_color":"","frutin_header_submenu_icon_color":"","frutin_btn_color":"","frutin_btn_hover_color":"","frutin_btn_bg_color":"","frutin_btn_bg_hover_color":"","frutin_menu_menu_show":"1","frutin_mobile_logo":{"url":"","id":"","height":"","width":"","thumbnail":""},"frutin_mobile_logo_dimensions":{"width":"","height":"","units":"px"},"frutin_mobile_menu_bg":"","frutin_offcanvas_panel_bg3":{"background-color":"","background-repeat":"","background-size":"","background-attachment":"","background-position":"","background-image":"","media":{"id":"","height":"","width":"","thumbnail":""}},"frutin_offcanvas_title_color3":"","frutin_offcanvas_desc_color":"","frutin_blog_sidebar":"3","frutin_blog_grid":"1","frutin_blog_page_title_switcher":"1","frutin_blog_page_title_setting":"predefine","frutin_blog_page_custom_title":"","frutin_blog_postExcerpt":"33","frutin_blog_readmore_setting":"default","frutin_blog_custom_readmore":"","frutin_blog_title_color":"","frutin_blog_title_hover_color":"","frutin_blog_contant_color":"","frutin_blog_read_more_button_color":"","frutin_blog_read_more_button_bg":"","frutin_blog_read_more_button_color2":"","frutin_blog_read_more_button_bg2":"","frutin_blog_pagination_color":"","frutin_blog_pagination_bg_color":"","frutin_blog_pagination_hover_color":"","frutin_blog_pagination_bg_hover_color":"","frutin_blog_single_sidebar":"3","frutin_post_details_title_position":"header","frutin_post_details_custom_title":"","frutin_display_post_tags":"1","frutin_post_details_share_options":"1","frutin_post_details_author_box":"0","frutin_display_post_author":"1","frutin_display_post_date":"1","frutin_display_post_comments":"1","frutin_display_post_cate":"","frutin_blog_meta_icon_color":"","frutin_blog_meta_text_color":"","frutin_blog_meta_text_hover_color":"","frutin_page_sidebar":"1","frutin_page_layoutopt":"1","frutin_page_title_switcher":"1","frutin_page_title_tag":"h1","frutin_allHeader_title_color":"","frutin_allHeader_bg":{"background-color":"","background-repeat":"no-repeat","background-size":"cover","background-attachment":"","background-position":"center center","background-image":"https:\/\/themeholy.com\/wordpress\/frutin\/wp-content\/uploads\/2023\/10\/breadcumb-bg.jpg","media":{"id":"28","height":"431","width":"1920","thumbnail":"https:\/\/themeholy.com\/wordpress\/frutin\/wp-content\/uploads\/2023\/10\/breadcumb-bg-150x150.jpg"}},"frutin_shoppage_bg":{"background-color":"","background-repeat":"","background-size":"","background-attachment":"","background-position":"","background-image":"","media":{"id":"","height":"","width":"","thumbnail":""}},"frutin_archivepage_bg":{"background-color":"","background-repeat":"","background-size":"","background-attachment":"","background-position":"","background-image":"","media":{"id":"","height":"","width":"","thumbnail":""}},"frutin_searchpage_bg":{"background-color":"","background-repeat":"","background-size":"","background-attachment":"","background-position":"","background-image":"","media":{"id":"","height":"","width":"","thumbnail":""}},"frutin_errorpage_bg":{"background-color":"","background-repeat":"","background-size":"","background-attachment":"","background-position":"","background-image":"","media":{"id":"","height":"","width":"","thumbnail":""}},"frutin_enable_breadcrumb":"1","frutin_allHeader_breadcrumbtextcolor":"","frutin_allHeader_breadcrumbtextactivecolor":"","frutin_allHeader_dividercolor":"","frutin_error_img":{"url":"","id":"","height":"","width":"","thumbnail":""},"frutin_error_title":"Sorry! Page did not found","frutin_error_title_color":"","frutin_error_description":"Unfortunately, something went wrong and this page does not exist. Try using the search or return to the previous page.","frutin_error_desc_color":"","frutin_error_btn_text":"Return To Home","frutin_error_btn_color":"","frutin_error_btn_bg":"","frutin_error_btn_hover_color":"","frutin_error_btn_hover_bg":"","frutin_shop_container":"1","frutin_woo_shoppage_sidebar":"1","frutin_woo_product_col":"4","frutin_woo_product_perpage":"12","frutin_woo_singlepage_sidebar":"1","frutin_product_details_title_position":"below","frutin_product_details_custom_title":"Shop Details","frutin_woo_relproduct_display":"1","frutin_woo_relproduct_subtitle":"Similar Product","frutin_woo_relproduct_title":"Related products","frutin_woo_relproduct_slider":"1","frutin_woo_relproduct_num":"8","frutin_woo_related_product_col":"3","frutin_woo_upsellproduct_display":"1","frutin_woo_upsellproduct_num":"3","frutin_woo_upsell_product_col":"4","frutin_woo_crosssellproduct_display":"1","frutin_woo_crosssellproduct_num":"3","frutin_woo_crosssell_product_col":"4","frutin_gallery_image_widget":[{"title":"","url":"","sort":"0","attachment_id":"","image":"","height":"","width":"","thumb":""}],"frutin_subscribe_apikey":"","frutin_subscribe_listid":"","frutin_social_icons":[{"title":"fab fa-facebook-f","description":"Facebook","url":"https:\/\/www.facebook.com\/","sort":"","attachment_id":"","image":"","height":"","width":"","thumb":""},{"title":"fab fa-twitter","description":"Twitter","url":"https:\/\/twitter.com\/","sort":"","attachment_id":"","image":"","height":"","width":"","thumb":""},{"title":"fab fa-linkedin-in","description":"LinkedIn","url":"https:\/\/www.linkedin.com\/","sort":"","attachment_id":"","image":"","height":"","width":"","thumb":""},{"title":"fab fa-instagram","description":"Instagram","url":"https:\/\/www.instagram.com","sort":"","attachment_id":"","image":"","height":"","width":"","thumb":""},{"title":"fab fa-youtube","description":"Youtube","url":"https:\/\/www.youtube.com","sort":"","attachment_id":"","image":"","height":"","width":"","thumb":""}],"frutin_footer_builder_trigger":"footer_builder","frutin_footer_builder_select":"1005","frutin_footerwidget_enable":"1","frutin_footer_background":{"background-color":"","background-repeat":"","background-size":"","background-attachment":"","background-position":"","background-image":"","media":{"id":"","height":"","width":"","thumbnail":""}},"frutin_footer_widget_title_color":"","frutin_footer_widget_anchor_color":"","frutin_footer_widget_anchor_hov_color":"","frutin_disable_footer_bottom":"1","frutin_footer_bottom_background2":"","frutin_copyright_text":"<i class=\"fal fa-copyright\"><\/i> 2023 By <a href=\"https:\/\/themeholy.com\/wordpress\/frutin\/\">Frutin<\/a>. All Rights Reserved.","frutin_footer_copyright_color":"","frutin_footer_copyright_acolor":"","frutin_footer_copyright_a_hover_color":"","frutin_css_editor":"","redux-backup":1}